<?xml version="1.0" encoding="utf-8"?>
<modDesc descVersion="93">
    <title>FarmSim Society</title>
    <author>Infuriatedten</author>
    <version>1.0.0</version>
    <url>https://farmsimsociety.com</url>
    <description>
        FarmSim Society introduces an automated farm manager to manage resources, repairs, and finances
        on your farm. The mod also includes an auction system for used vehicles, allowing players to bid
        on and win vehicles within a specified auction duration.
    </description>
    <category>Gameplay</category>
    
    <!-- Mod Icon -->
    <image file="icon.dds" />

    <!-- Game Version Compatibility -->
    <gameVersion min="1.0.0" max="1.0.0" />

    <!-- Required Files -->
    <files>
        <file filename="scripts/autoFarmManager.lua" />
        <file filename="scripts/auctionSystem.lua" />
        <file filename="modSettings/FarmSimSociety/farmDatabase.json" />
        <file filename="modSettings/FarmSimSociety/commands.json" />
        <file filename="modSettings/FarmSimSociety/maintenance_log.txt" />
		<file filename="scripts/httpServer.lua" />
        <file filename="scripts/contractManager.lua" />
        <file filename="scripts/missionSync.lua" />
    </files>

    <!-- Key Mappings -->
    <inputBindings>
        <binding input="KEY_R" action="repair" />
        <binding input="KEY_M" action="maintenance" />
    </inputBindings>
    <!-- Features -->
    <features>
        <feature>
            <title>Auto Farm Manager</title>
            <description>
                The Auto Farm Manager runs periodic tasks to add money, repair vehicles, and send updates
                to a Discord channel. It helps automate the management of your farms.
            </description>
        </feature>
        <feature>
            <title>Auction System for Used Vehicles</title>
            <description>
                Auction off used vehicles with a starting bid, allowing players to place bids and win
                vehicles during a set duration. Auction data is sent to a website for tracking.
            </description>
        </feature>
		<features>
    <feature>
        <title>Dynamic Contract Synchronization</title>
        <description>
            Synchronize contracts between the game and a web platform.
        </description>
    </feature>
</features>

    </features>
    <!-- Multiplayer Support -->
    <multiplayer>
        <description>
            This mod supports multiplayer. It synchronizes farm management actions, vehicle repairs, and auction data across all players on the server.
			Supports multiplayer with synchronized contracts.
		</multiplayer>

        </description>
        <requirements>
            <multiplayer>enabled</multiplayer>
        </requirements>
        <clientServer>
            <serverFunctions>
                <function name="syncFarmTasks" />
                <function name="syncAuctionBids" />
                <function name="syncVehicleRepairs" />
            </serverFunctions>
            <clientFunctions>
                <function name="updateFarmStatus" />
                <function name="showAuctionUpdates" />
                <function name="displayRepairStatus" />
            </clientFunctions>
        </clientServer>
    </multiplayer>
	
    <!-- Permissions -->
    <permissions>
        <permission name="all" />
    </permissions>

    <!-- Events -->
    <events>
        <event type="MONEY_CHANGED" function="onMoneyChanged" />
		<event type="MISSION_ACCEPTED" function="onContractAccepted" />
    </events>

    <!-- Mod Credits -->
    <credits>
        <credit>Auto Farm Manager code: infuriatedten</credit>
        <credit>Auction System code: infuriatedten</credit>
    </credits>
</modDesc>
